seq1,seq2,mic1,mic2,dmic,alignment seq1,alignment seq2,lev,seq id,score,bit score,tanimoto simularity,tanimoto dissimularity,blosum62 average,blosum62 disaverage,levenstein aligned,mutation
AFHHIFRGIVHVGKTIHRLVTG,FFHHFARGIVHVGKTIHRLVTG,5.356547323513812,4.301029995663981,1.0555173278498309,AFHHIFRGIVHVGKTIHRLVTG,FFHHFARGIVHVGKTIHRLVTG,3,0.8636363636363636,103.0,1.9231628575626176,0.8968531468531468,0.24358974358974358,0.9045454545454544,0.3,3,"(1, A, F)|(5, I, F)|(6, F, A)"
AFHHIFRGIVHVGKTIHRLVTG,FFHHAFRGIVHVGKTIHRLVTG,5.356547323513812,4.301029995663981,1.0555173278498309,AFHHIFRGIVHVGKTIHRLVTG,FFHHAFRGIVHVGKTIHRLVTG,2,0.9090909090909091,110.0,2.038381729691795,0.9411157024793387,0.35227272727272724,0.9363636363636364,0.3,2,"(1, A, F)|(5, I, A)"
AGKKTIRQYLKNKIKKKWRKAVIAW,AWKEKIRQYLKNEIKKKWRKAVIAW,5.096910013008056,6.0,-0.9030899869919438,AGKKTIRQYLKNKIKKKWRKAVIAW,AWKEKIRQYLKNEIKKKWRKAVIAW,4,0.84,111.0,1.808260580339305,0.8876063829787233,0.29753989361702127,0.9044444444799999,0.4027777779999999,4,"(2, G, W)|(4, K, E)|(5, T, K)|(13, K, E)"
AGRGKQGGKVRAKAKTRSS,DGRGKQGGKVRAKAKTRSS,5.686461801542011,4.191037881071658,1.495423920470353,AGRGKQGGKVRAKAKTRSS,DGRGKQGGKVRAKAKTRSS,1,0.9473684210526315,89.0,1.9599974996154614,0.9674185463659147,0.3809523809523809,0.9592105263157895,0.225,1,"(1, A, D)"
AGRGKQGGKVRAKAKTRSS,GRGKQGGKVRAKAKTRSS,5.686461801542011,4.165128654398684,1.5213331471433271,AGRGKQGGKVRAKAKTRSS,-GRGKQGGKVRAKAKTRSS,1,0.9473684210526315,89.0,1.9599974996154614,0.9473684210526315,0.0,0.9473684210526315,0.0,1,"(1, A, -)"
AGRGKQGGKVRAKAKTRSS,KGRGKQGGKVRAKAKTRSS,5.686461801542011,4.37417368959435,1.3122881119476606,AGRGKQGGKVRAKAKTRSS,KGRGKQGGKVRAKAKTRSS,1,0.9473684210526315,89.0,1.9599974996154614,0.9624060150375939,0.2857142857142857,0.9660087719473684,0.354166667,1,"(1, A, K)"
